<?xml version="1.0" encoding="windows-1252"?>
<XMI xmi.version="1.1" xmlns:UML="omg.org/UML1.3">
	<XMI.header>
		<XMI.documentation>
			<XMI.exporter>Enterprise Architect</XMI.exporter>
			<XMI.exporterVersion>2.5</XMI.exporterVersion>
		</XMI.documentation>
	</XMI.header>
	<XMI.content>
		<UML:Model name="EA Model" xmi.id="MX_EAID_113F6EFA_5F01_4b30_BA46_1BE3347940E3">
			<UML:Namespace.ownedElement>
				<UML:Class name="EARootClass" xmi.id="EAID_11111111_5487_4080_A7F4_41526CB0AA00" isRoot="true" isLeaf="false" isAbstract="false"/>
				<UML:Package name="reseau-energie" xmi.id="EAPK_113F6EFA_5F01_4b30_BA46_1BE3347940E3" isRoot="false" isLeaf="false" isAbstract="false" visibility="public">
					<UML:ModelElement.taggedValue>
						<UML:TaggedValue tag="parent" value="EAPK_DDB54C27_4C38_485c_A8FC_F78179014444"/>
						<UML:TaggedValue tag="created" value="2014-01-13 00:00:00"/>
						<UML:TaggedValue tag="modified" value="2014-01-13 00:00:00"/>
						<UML:TaggedValue tag="iscontrolled" value="TRUE"/>
						<UML:TaggedValue tag="xmlpath" value="reseau-energie.xml"/>
						<UML:TaggedValue tag="lastloaddate" value="2018-01-30 15:16:11"/>
						<UML:TaggedValue tag="lastsavedate" value="2014-01-31 15:10:37"/>
						<UML:TaggedValue tag="version" value="1.0"/>
						<UML:TaggedValue tag="isprotected" value="FALSE"/>
						<UML:TaggedValue tag="usedtd" value="FALSE"/>
						<UML:TaggedValue tag="owner" value="richard.mitanchey"/>
						<UML:TaggedValue tag="xmiver" value="Enterprise Architect XMI/UML 1.3"/>
						<UML:TaggedValue tag="logxml" value="FALSE"/>
						<UML:TaggedValue tag="tpos" value="16"/>
						<UML:TaggedValue tag="packageFlags" value="isModel=1;VICON=3;Recurse=0;VCCFG=cnig;CRC=0;"/>
						<UML:TaggedValue tag="batchsave" value="0"/>
						<UML:TaggedValue tag="batchload" value="0"/>
						<UML:TaggedValue tag="phase" value="1.0"/>
						<UML:TaggedValue tag="status" value="Proposed"/>
						<UML:TaggedValue tag="author" value="richard.mitanchey"/>
						<UML:TaggedValue tag="complexity" value="1"/>
						<UML:TaggedValue tag="ea_stype" value="Public"/>
						<UML:TaggedValue tag="tpos" value="16"/>
						<UML:TaggedValue tag="gentype" value="Java"/>
					</UML:ModelElement.taggedValue>
					<UML:Namespace.ownedElement>
						<UML:Collaboration xmi.id="EAID_113F6EFA_5F01_4b30_BA46_1BE3347940E3_Collaboration" name="Collaborations">
							<UML:Namespace.ownedElement>
								<UML:ClassifierRole name="ANT v2.0 GraceTHD" xmi.id="EAID_FC74F6F5_6EAC_4ec8_90FE_BE0F6191A5E8" visibility="public" base="EAID_11111111_5487_4080_A7F4_41526CB0AA00">
									<UML:ModelElement.stereotype>
										<UML:Stereotype name="geostandard"/>
									</UML:ModelElement.stereotype>
									<UML:ModelElement.taggedValue>
										<UML:TaggedValue tag="isAbstract" value="false"/>
										<UML:TaggedValue tag="isSpecification" value="false"/>
										<UML:TaggedValue tag="ea_stype" value="Package"/>
										<UML:TaggedValue tag="ea_ntype" value="0"/>
										<UML:TaggedValue tag="isActive" value="false"/>
										<UML:TaggedValue tag="package" value="EAPK_113F6EFA_5F01_4b30_BA46_1BE3347940E3"/>
										<UML:TaggedValue tag="date_created" value="2018-01-30 15:16:56"/>
										<UML:TaggedValue tag="date_modified" value="2018-01-30 15:16:56"/>
										<UML:TaggedValue tag="gentype" value="Java"/>
										<UML:TaggedValue tag="tagged" value="0"/>
										<UML:TaggedValue tag="package2" value="EAID_FC74F6F5_6EAC_4ec8_90FE_BE0F6191A5E8"/>
										<UML:TaggedValue tag="package_name" value="reseau-energie"/>
										<UML:TaggedValue tag="phase" value="1.0"/>
										<UML:TaggedValue tag="author" value="N�o"/>
										<UML:TaggedValue tag="complexity" value="1"/>
										<UML:TaggedValue tag="status" value="Proposed"/>
										<UML:TaggedValue tag="stereotype" value="geostandard"/>
										<UML:TaggedValue tag="tpos" value="0"/>
										<UML:TaggedValue tag="ea_localid" value="1036"/>
										<UML:TaggedValue tag="ea_eleType" value="package"/>
										<UML:TaggedValue tag="style" value="BackColor=-1;BorderColor=-1;BorderWidth=-1;FontColor=-1;VSwimLanes=1;HSwimLanes=1;BorderStyle=0;"/>
										<UML:TaggedValue tag="$ea_xref_property" value="$XREFPROP=$XID={F7F22319-A9C7-4d0a-9571-3066CE00463D}$XID;$NAM=Stereotypes$NAM;$TYP=element property$TYP;$VIS=Public$VIS;$PAR=0$PAR;$DES=@STEREO;Name=geostandard;GUID={F0CE85DD-05E6-4b20-A6B6-F84B6B2AE216};@ENDSTEREO;$DES;$CLT={FC74F6F5-6EAC-4ec8-90FE-BE0F6191A5E8}$CLT;$ENDXREF;"/>
									</UML:ModelElement.taggedValue>
								</UML:ClassifierRole>
							</UML:Namespace.ownedElement>
							<UML:Collaboration.interaction/>
						</UML:Collaboration>
						<UML:Package name="ANT v2.0 GraceTHD" xmi.id="EAPK_FC74F6F5_6EAC_4ec8_90FE_BE0F6191A5E8" isRoot="false" isLeaf="false" isAbstract="false" visibility="public">
							<UML:ModelElement.stereotype>
								<UML:Stereotype xmi.idref="EAID_E6DF3E64_BA27_4e1b_845A_1F521EAC3B76"/>
							</UML:ModelElement.stereotype>
							<UML:ModelElement.taggedValue>
								<UML:TaggedValue tag="parent" value="EAPK_113F6EFA_5F01_4b30_BA46_1BE3347940E3"/>
								<UML:TaggedValue tag="created" value="2015-04-22 23:47:13"/>
								<UML:TaggedValue tag="modified" value="2015-08-18 10:07:33"/>
								<UML:TaggedValue tag="iscontrolled" value="TRUE"/>
								<UML:TaggedValue tag="xmlpath" value="reseau-energie\ANT v2.0 GraceTHD.xml"/>
								<UML:TaggedValue tag="lastloaddate" value="2018-01-30 15:17:06"/>
								<UML:TaggedValue tag="lastsavedate" value="2015-04-23 14:47:29"/>
								<UML:TaggedValue tag="isprotected" value="FALSE"/>
								<UML:TaggedValue tag="usedtd" value="FALSE"/>
								<UML:TaggedValue tag="owner" value="richard.mitanchey"/>
								<UML:TaggedValue tag="xmiver" value="Enterprise Architect XMI/UML 1.3"/>
								<UML:TaggedValue tag="logxml" value="FALSE"/>
								<UML:TaggedValue tag="tpos" value="0"/>
								<UML:TaggedValue tag="batchsave" value="0"/>
								<UML:TaggedValue tag="batchload" value="0"/>
								<UML:TaggedValue tag="packageFlags" value="Recurse=0;VCCFG=cnig;CheckedOutTo=richard.mitanchey;"/>
								<UML:TaggedValue tag="savedasstub" value="true"/>
								<UML:TaggedValue tag="phase" value="1.0"/>
								<UML:TaggedValue tag="status" value="Proposed"/>
								<UML:TaggedValue tag="author" value="N�o"/>
								<UML:TaggedValue tag="complexity" value="1"/>
								<UML:TaggedValue tag="stereotype" value="geostandard"/>
								<UML:TaggedValue tag="ea_stype" value="Public"/>
							</UML:ModelElement.taggedValue>
						</UML:Package>
					</UML:Namespace.ownedElement>
				</UML:Package>
				<UML:Stereotype xmi.id="EAID_E6DF3E64_BA27_4e1b_845A_1F521EAC3B76" name="geostandard" isRoot="false" isLeaf="false" isAbstract="false">
					<UML:Stereotype.baseClass>Package</UML:Stereotype.baseClass>
				</UML:Stereotype>
			</UML:Namespace.ownedElement>
		</UML:Model>
	</XMI.content>
	<XMI.difference/>
	<XMI.extensions xmi.extender="Enterprise Architect 2.5"/>
</XMI>
